fecha,tienda,categoria,unidades_vendidas,precio_unitario
2019-01-31,Tienda A,Electrónica,47,368.68
2019-01-31,Tienda A,Ropa,52,86.44
2019-01-31,Tienda A,Alimentos,52,20.09
2019-01-31,Tienda A,Juguetes,43,99.87
2019-01-31,Tienda B,Electrónica,46,221.65
2019-01-31,Tienda B,Ropa,45,78.35
2019-01-31,Tienda B,Alimentos,45,233.47
2019-01-31,Tienda B,Juguetes,56,261.97
2019-01-31,Tienda C,Electrónica,52,307.7
2019-01-31,Tienda C,Ropa,42,474.95
2019-01-31,Tienda C,Alimentos,46,345.27
2019-01-31,Tienda C,Juguetes,49,252.64
2019-01-31,Tienda D,Electrónica,45,162.74
2019-01-31,Tienda D,Ropa,50,100.58
2019-01-31,Tienda D,Alimentos,64,302.97
2019-01-31,Tienda D,Juguetes,62,106.03
2019-01-31,Tienda E,Electrónica,33,200.45
2019-01-31,Tienda E,Ropa,45,184.81
2019-01-31,Tienda E,Alimentos,45,79.05
2019-01-31,Tienda E,Juguetes,57,493.57
2019-02-28,Tienda A,Electrónica,56,12.71
2019-02-28,Tienda A,Ropa,57,367.21
2019-02-28,Tienda A,Alimentos,56,185.65
2019-02-28,Tienda A,Juguetes,40,315.42
2019-02-28,Tienda B,Electrónica,46,162.38
2019-02-28,Tienda B,Ropa,46,322.4
2019-02-28,Tienda B,Alimentos,60,68.6
2019-02-28,Tienda B,Juguetes,55,285.03
2019-02-28,Tienda C,Electrónica,56,266.14
2019-02-28,Tienda C,Ropa,48,62.87
2019-02-28,Tienda C,Alimentos,46,454.71
2019-02-28,Tienda C,Juguetes,44,380.22
2019-02-28,Tienda D,Electrónica,44,151.98
2019-02-28,Tienda D,Ropa,57,437.02
2019-02-28,Tienda D,Alimentos,57,447.35
2019-02-28,Tienda D,Juguetes,51,449.08
2019-02-28,Tienda E,Electrónica,46,121.69
2019-02-28,Tienda E,Ropa,48,431.76
2019-02-28,Tienda E,Alimentos,48,68.73
2019-02-28,Tienda E,Juguetes,46,354.48
2019-03-31,Tienda A,Electrónica,69,253.65
2019-03-31,Tienda A,Ropa,46,28.07
2019-03-31,Tienda A,Alimentos,52,35.22
2019-03-31,Tienda A,Juguetes,45,127.39
2019-03-31,Tienda B,Electrónica,41,492.97
2019-03-31,Tienda B,Ropa,44,383.19
2019-03-31,Tienda B,Alimentos,44,190.21
2019-03-31,Tienda B,Juguetes,53,272.53
2019-03-31,Tienda C,Electrónica,39,167.18
2019-03-31,Tienda C,Ropa,43,299.54
2019-03-31,Tienda C,Alimentos,54,260.93
2019-03-31,Tienda C,Juguetes,44,95.44
2019-03-31,Tienda D,Electrónica,54,469.0
2019-03-31,Tienda D,Ropa,41,65.6
2019-03-31,Tienda D,Alimentos,45,410.44
2019-03-31,Tienda D,Juguetes,51,128.51
2019-03-31,Tienda E,Electrónica,39,451.2
2019-03-31,Tienda E,Ropa,53,181.11
2019-03-31,Tienda E,Alimentos,60,324.6
2019-03-31,Tienda E,Juguetes,38,450.29
2019-04-30,Tienda A,Electrónica,52,59.72
2019-04-30,Tienda A,Ropa,53,88.8
2019-04-30,Tienda A,Alimentos,51,329.46
2019-04-30,Tienda A,Juguetes,44,126.25
2019-04-30,Tienda B,Electrónica,46,328.32
2019-04-30,Tienda B,Ropa,58,288.47
2019-04-30,Tienda B,Alimentos,39,139.95
2019-04-30,Tienda B,Juguetes,48,319.26
2019-04-30,Tienda C,Electrónica,57,292.68
2019-04-30,Tienda C,Ropa,50,364.0
2019-04-30,Tienda C,Alimentos,45,326.28
2019-04-30,Tienda C,Juguetes,47,464.88
2019-04-30,Tienda D,Electrónica,48,482.17
2019-04-30,Tienda D,Ropa,59,198.7
2019-04-30,Tienda D,Alimentos,58,93.05
2019-04-30,Tienda D,Juguetes,51,351.05
2019-04-30,Tienda E,Electrónica,51,311.35
2019-04-30,Tienda E,Ropa,50,372.98
2019-04-30,Tienda E,Alimentos,54,186.15
2019-04-30,Tienda E,Juguetes,45,406.96
2019-05-31,Tienda A,Electrónica,50,401.16
2019-05-31,Tienda A,Ropa,53,399.94
2019-05-31,Tienda A,Alimentos,60,194.04
2019-05-31,Tienda A,Juguetes,39,27.61
2019-05-31,Tienda B,Electrónica,49,150.41
2019-05-31,Tienda B,Ropa,52,28.3
2019-05-31,Tienda B,Alimentos,57,72.26
2019-05-31,Tienda B,Juguetes,50,115.75
2019-05-31,Tienda C,Electrónica,53,35.32
2019-05-31,Tienda C,Ropa,51,322.34
2019-05-31,Tienda C,Alimentos,50,399.64
2019-05-31,Tienda C,Juguetes,45,48.44
2019-05-31,Tienda D,Electrónica,58,210.39
2019-05-31,Tienda D,Ropa,42,132.62
2019-05-31,Tienda D,Alimentos,51,333.5
2019-05-31,Tienda D,Juguetes,55,309.74
2019-05-31,Tienda E,Electrónica,48,184.43
2019-05-31,Tienda E,Ropa,56,66.88
2019-05-31,Tienda E,Alimentos,33,429.18
2019-05-31,Tienda E,Juguetes,54,57.94
2019-06-30,Tienda A,Electrónica,50,94.87
2019-06-30,Tienda A,Ropa,49,311.77
2019-06-30,Tienda A,Alimentos,53,193.56
2019-06-30,Tienda A,Juguetes,53,429.68
2019-06-30,Tienda B,Electrónica,53,44.58
2019-06-30,Tienda B,Ropa,53,297.03
2019-06-30,Tienda B,Alimentos,64,200.2
2019-06-30,Tienda B,Juguetes,53,277.35
2019-06-30,Tienda C,Electrónica,64,480.98
2019-06-30,Tienda C,Ropa,61,43.99
2019-06-30,Tienda C,Alimentos,39,56.28
2019-06-30,Tienda C,Juguetes,54,166.3
2019-06-30,Tienda D,Electrónica,58,409.09
2019-06-30,Tienda D,Ropa,45,351.4
2019-06-30,Tienda D,Alimentos,53,370.18
2019-06-30,Tienda D,Juguetes,57,96.95
2019-06-30,Tienda E,Electrónica,55,495.35
2019-06-30,Tienda E,Ropa,48,390.44
2019-06-30,Tienda E,Alimentos,47,430.62
2019-06-30,Tienda E,Juguetes,48,379.73
2019-07-31,Tienda A,Electrónica,50,166.82
2019-07-31,Tienda A,Ropa,60,15.31
2019-07-31,Tienda A,Alimentos,61,166.46
2019-07-31,Tienda A,Juguetes,51,229.74
2019-07-31,Tienda B,Electrónica,45,339.53
2019-07-31,Tienda B,Ropa,56,396.91
2019-07-31,Tienda B,Alimentos,39,38.2
2019-07-31,Tienda B,Juguetes,51,444.98
2019-07-31,Tienda C,Electrónica,47,80.07
2019-07-31,Tienda C,Ropa,56,59.55
2019-07-31,Tienda C,Alimentos,38,45.65
2019-07-31,Tienda C,Juguetes,57,49.86
2019-07-31,Tienda D,Electrónica,47,408.27
2019-07-31,Tienda D,Ropa,56,50.92
2019-07-31,Tienda D,Alimentos,56,217.87
2019-07-31,Tienda D,Juguetes,61,251.39
2019-07-31,Tienda E,Electrónica,35,67.59
2019-07-31,Tienda E,Ropa,53,295.85
2019-07-31,Tienda E,Alimentos,69,150.0
2019-07-31,Tienda E,Juguetes,59,481.98
2019-08-31,Tienda A,Electrónica,37,484.96
2019-08-31,Tienda A,Ropa,50,350.92
2019-08-31,Tienda A,Alimentos,49,296.31
2019-08-31,Tienda A,Juguetes,61,147.67
2019-08-31,Tienda B,Electrónica,49,145.92
2019-08-31,Tienda B,Ropa,43,183.14
2019-08-31,Tienda B,Alimentos,52,487.45
2019-08-31,Tienda B,Juguetes,51,408.76
2019-08-31,Tienda C,Electrónica,54,456.35
2019-08-31,Tienda C,Ropa,55,214.94
2019-08-31,Tienda C,Alimentos,63,32.16
2019-08-31,Tienda C,Juguetes,41,196.64
2019-08-31,Tienda D,Electrónica,58,213.26
2019-08-31,Tienda D,Ropa,45,433.71
2019-08-31,Tienda D,Alimentos,58,230.77
2019-08-31,Tienda D,Juguetes,52,339.13
2019-08-31,Tienda E,Electrónica,52,65.64
2019-08-31,Tienda E,Ropa,54,388.44
2019-08-31,Tienda E,Alimentos,50,280.43
2019-08-31,Tienda E,Juguetes,51,207.71
2019-09-30,Tienda A,Electrónica,41,380.02
2019-09-30,Tienda A,Ropa,52,114.35
2019-09-30,Tienda A,Alimentos,41,181.79
2019-09-30,Tienda A,Juguetes,52,224.36
2019-09-30,Tienda B,Electrónica,61,261.85
2019-09-30,Tienda B,Ropa,56,314.82
2019-09-30,Tienda B,Alimentos,50,234.98
2019-09-30,Tienda B,Juguetes,46,127.67
2019-09-30,Tienda C,Electrónica,37,72.74
2019-09-30,Tienda C,Ropa,42,324.03
2019-09-30,Tienda C,Alimentos,43,449.43
2019-09-30,Tienda C,Juguetes,49,94.44
2019-09-30,Tienda D,Electrónica,43,92.78
2019-09-30,Tienda D,Ropa,45,53.46
2019-09-30,Tienda D,Alimentos,40,111.1
2019-09-30,Tienda D,Juguetes,47,348.29
2019-09-30,Tienda E,Electrónica,53,438.05
2019-09-30,Tienda E,Ropa,62,145.67
2019-09-30,Tienda E,Alimentos,57,100.42
2019-09-30,Tienda E,Juguetes,43,247.42
2019-10-31,Tienda A,Electrónica,63,236.64
2019-10-31,Tienda A,Ropa,66,133.69
2019-10-31,Tienda A,Alimentos,60,62.51
2019-10-31,Tienda A,Juguetes,59,128.81
2019-10-31,Tienda B,Electrónica,54,19.83
2019-10-31,Tienda B,Ropa,56,170.47
2019-10-31,Tienda B,Alimentos,62,396.69
2019-10-31,Tienda B,Juguetes,60,273.18
2019-10-31,Tienda C,Electrónica,62,221.51
2019-10-31,Tienda C,Ropa,50,187.91
2019-10-31,Tienda C,Alimentos,63,184.49
2019-10-31,Tienda C,Juguetes,54,84.9
2019-10-31,Tienda D,Electrónica,54,101.42
2019-10-31,Tienda D,Ropa,55,449.42
2019-10-31,Tienda D,Alimentos,47,211.09
2019-10-31,Tienda D,Juguetes,58,434.1
2019-10-31,Tienda E,Electrónica,68,93.73
2019-10-31,Tienda E,Ropa,61,147.19
2019-10-31,Tienda E,Alimentos,67,168.6
2019-10-31,Tienda E,Juguetes,58,128.78
2019-11-30,Tienda A,Electrónica,49,151.43
2019-11-30,Tienda A,Ropa,62,245.76
2019-11-30,Tienda A,Alimentos,61,174.94
2019-11-30,Tienda A,Juguetes,50,495.08
2019-11-30,Tienda B,Electrónica,56,134.77
2019-11-30,Tienda B,Ropa,64,301.86
2019-11-30,Tienda B,Alimentos,59,180.95
2019-11-30,Tienda B,Juguetes,74,482.86
2019-11-30,Tienda C,Electrónica,49,469.79
2019-11-30,Tienda C,Ropa,52,373.15
2019-11-30,Tienda C,Alimentos,62,78.49
2019-11-30,Tienda C,Juguetes,67,90.19
2019-11-30,Tienda D,Electrónica,51,335.95
2019-11-30,Tienda D,Ropa,60,439.83
2019-11-30,Tienda D,Alimentos,57,225.18
2019-11-30,Tienda D,Juguetes,57,157.68
2019-11-30,Tienda E,Electrónica,66,123.78
2019-11-30,Tienda E,Ropa,72,276.34
2019-11-30,Tienda E,Alimentos,72,67.28
2019-11-30,Tienda E,Juguetes,76,174.1
2019-12-31,Tienda A,Electrónica,50,313.84
2019-12-31,Tienda A,Ropa,61,396.41
2019-12-31,Tienda A,Alimentos,51,131.76
2019-12-31,Tienda A,Juguetes,66,289.25
2019-12-31,Tienda B,Electrónica,66,177.62
2019-12-31,Tienda B,Ropa,68,424.76
2019-12-31,Tienda B,Alimentos,50,400.67
2019-12-31,Tienda B,Juguetes,51,363.9
2019-12-31,Tienda C,Electrónica,65,350.03
2019-12-31,Tienda C,Ropa,61,179.39
2019-12-31,Tienda C,Alimentos,62,236.38
2019-12-31,Tienda C,Juguetes,77,297.25
2019-12-31,Tienda D,Electrónica,60,18.87
2019-12-31,Tienda D,Ropa,61,462.02
2019-12-31,Tienda D,Alimentos,65,292.38
2019-12-31,Tienda D,Juguetes,62,370.86
2019-12-31,Tienda E,Electrónica,59,492.57
2019-12-31,Tienda E,Ropa,69,461.21
2019-12-31,Tienda E,Alimentos,70,299.72
2019-12-31,Tienda E,Juguetes,58,174.25
2020-01-31,Tienda A,Electrónica,62,173.41
2020-01-31,Tienda A,Ropa,53,460.73
2020-01-31,Tienda A,Alimentos,52,371.38
2020-01-31,Tienda A,Juguetes,54,231.7
2020-01-31,Tienda B,Electrónica,46,254.2
2020-01-31,Tienda B,Ropa,53,187.57
2020-01-31,Tienda B,Alimentos,57,16.42
2020-01-31,Tienda B,Juguetes,59,480.92
2020-01-31,Tienda C,Electrónica,46,51.82
2020-01-31,Tienda C,Ropa,57,377.48
2020-01-31,Tienda C,Alimentos,48,27.91
2020-01-31,Tienda C,Juguetes,54,42.2
2020-01-31,Tienda D,Electrónica,61,266.95
2020-01-31,Tienda D,Ropa,54,284.22
2020-01-31,Tienda D,Alimentos,46,432.27
2020-01-31,Tienda D,Juguetes,71,142.66
2020-01-31,Tienda E,Electrónica,58,22.44
2020-01-31,Tienda E,Ropa,46,332.87
2020-01-31,Tienda E,Alimentos,49,19.66
2020-01-31,Tienda E,Juguetes,44,97.49
2020-02-29,Tienda A,Electrónica,58,58.73
2020-02-29,Tienda A,Ropa,49,429.29
2020-02-29,Tienda A,Alimentos,63,337.36
2020-02-29,Tienda A,Juguetes,48,449.2
2020-02-29,Tienda B,Electrónica,48,98.9
2020-02-29,Tienda B,Ropa,57,447.41
2020-02-29,Tienda B,Alimentos,63,137.12
2020-02-29,Tienda B,Juguetes,52,141.35
2020-02-29,Tienda C,Electrónica,58,280.5
2020-02-29,Tienda C,Ropa,54,474.74
2020-02-29,Tienda C,Alimentos,61,435.55
2020-02-29,Tienda C,Juguetes,55,401.93
2020-02-29,Tienda D,Electrónica,53,141.65
2020-02-29,Tienda D,Ropa,56,136.36
2020-02-29,Tienda D,Alimentos,46,492.36
2020-02-29,Tienda D,Juguetes,55,143.43
2020-02-29,Tienda E,Electrónica,45,144.29
2020-02-29,Tienda E,Ropa,56,416.57
2020-02-29,Tienda E,Alimentos,48,77.07
2020-02-29,Tienda E,Juguetes,66,302.73
2020-03-31,Tienda A,Electrónica,57,95.93
2020-03-31,Tienda A,Ropa,67,197.74
2020-03-31,Tienda A,Alimentos,55,91.48
2020-03-31,Tienda A,Juguetes,60,305.54
2020-03-31,Tienda B,Electrónica,49,151.46
2020-03-31,Tienda B,Ropa,52,155.59
2020-03-31,Tienda B,Alimentos,56,335.2
2020-03-31,Tienda B,Juguetes,69,115.32
2020-03-31,Tienda C,Electrónica,57,253.22
2020-03-31,Tienda C,Ropa,57,387.75
2020-03-31,Tienda C,Alimentos,44,366.81
2020-03-31,Tienda C,Juguetes,55,223.07
2020-03-31,Tienda D,Electrónica,49,401.71
2020-03-31,Tienda D,Ropa,59,299.21
2020-03-31,Tienda D,Alimentos,52,459.48
2020-03-31,Tienda D,Juguetes,54,275.53
2020-03-31,Tienda E,Electrónica,65,405.21
2020-03-31,Tienda E,Ropa,58,426.11
2020-03-31,Tienda E,Alimentos,49,118.39
2020-03-31,Tienda E,Juguetes,68,288.29
2020-04-30,Tienda A,Electrónica,67,351.74
2020-04-30,Tienda A,Ropa,54,423.83
2020-04-30,Tienda A,Alimentos,51,28.13
2020-04-30,Tienda A,Juguetes,57,69.08
2020-04-30,Tienda B,Electrónica,42,176.54
2020-04-30,Tienda B,Ropa,60,164.49
2020-04-30,Tienda B,Alimentos,56,166.19
2020-04-30,Tienda B,Juguetes,58,311.77
2020-04-30,Tienda C,Electrónica,49,436.35
2020-04-30,Tienda C,Ropa,56,401.4
2020-04-30,Tienda C,Alimentos,61,245.14
2020-04-30,Tienda C,Juguetes,58,492.2
2020-04-30,Tienda D,Electrónica,61,216.46
2020-04-30,Tienda D,Ropa,60,64.13
2020-04-30,Tienda D,Alimentos,52,155.19
2020-04-30,Tienda D,Juguetes,49,18.76
2020-04-30,Tienda E,Electrónica,52,116.94
2020-04-30,Tienda E,Ropa,43,440.77
2020-04-30,Tienda E,Alimentos,71,310.57
2020-04-30,Tienda E,Juguetes,58,261.22
2020-05-31,Tienda A,Electrónica,49,118.04
2020-05-31,Tienda A,Ropa,47,181.56
2020-05-31,Tienda A,Alimentos,53,351.05
2020-05-31,Tienda A,Juguetes,46,119.98
2020-05-31,Tienda B,Electrónica,48,300.54
2020-05-31,Tienda B,Ropa,57,439.96
2020-05-31,Tienda B,Alimentos,50,445.49
2020-05-31,Tienda B,Juguetes,62,279.92
2020-05-31,Tienda C,Electrónica,43,192.62
2020-05-31,Tienda C,Ropa,49,252.98
2020-05-31,Tienda C,Alimentos,42,344.8
2020-05-31,Tienda C,Juguetes,42,252.62
2020-05-31,Tienda D,Electrónica,55,414.09
2020-05-31,Tienda D,Ropa,52,287.21
2020-05-31,Tienda D,Alimentos,50,400.74
2020-05-31,Tienda D,Juguetes,58,434.97
2020-05-31,Tienda E,Electrónica,60,351.76
2020-05-31,Tienda E,Ropa,59,378.83
2020-05-31,Tienda E,Alimentos,65,414.65
2020-05-31,Tienda E,Juguetes,45,374.32
2020-06-30,Tienda A,Electrónica,46,417.75
2020-06-30,Tienda A,Ropa,55,150.65
2020-06-30,Tienda A,Alimentos,58,320.66
2020-06-30,Tienda A,Juguetes,56,62.42
2020-06-30,Tienda B,Electrónica,61,481.87
2020-06-30,Tienda B,Ropa,51,466.69
2020-06-30,Tienda B,Alimentos,59,157.47
2020-06-30,Tienda B,Juguetes,60,295.26
2020-06-30,Tienda C,Electrónica,52,32.41
2020-06-30,Tienda C,Ropa,45,22.05
2020-06-30,Tienda C,Alimentos,55,344.81
2020-06-30,Tienda C,Juguetes,54,498.59
2020-06-30,Tienda D,Electrónica,53,90.18
2020-06-30,Tienda D,Ropa,62,118.18
2020-06-30,Tienda D,Alimentos,42,330.71
2020-06-30,Tienda D,Juguetes,46,472.37
2020-06-30,Tienda E,Electrónica,53,204.82
2020-06-30,Tienda E,Ropa,53,122.68
2020-06-30,Tienda E,Alimentos,48,329.32
2020-06-30,Tienda E,Juguetes,52,241.87
2020-07-31,Tienda A,Electrónica,77,435.63
2020-07-31,Tienda A,Ropa,61,423.94
2020-07-31,Tienda A,Alimentos,61,74.31
2020-07-31,Tienda A,Juguetes,57,245.95
2020-07-31,Tienda B,Electrónica,45,345.93
2020-07-31,Tienda B,Ropa,53,250.88
2020-07-31,Tienda B,Alimentos,41,141.81
2020-07-31,Tienda B,Juguetes,62,233.06
2020-07-31,Tienda C,Electrónica,53,304.01
2020-07-31,Tienda C,Ropa,50,431.46
2020-07-31,Tienda C,Alimentos,62,245.45
2020-07-31,Tienda C,Juguetes,44,493.46
2020-07-31,Tienda D,Electrónica,46,312.9
2020-07-31,Tienda D,Ropa,60,14.79
2020-07-31,Tienda D,Alimentos,51,53.05
2020-07-31,Tienda D,Juguetes,52,48.5
2020-07-31,Tienda E,Electrónica,53,288.1
2020-07-31,Tienda E,Ropa,59,108.07
2020-07-31,Tienda E,Alimentos,47,321.85
2020-07-31,Tienda E,Juguetes,60,468.74
2020-08-31,Tienda A,Electrónica,39,357.44
2020-08-31,Tienda A,Ropa,65,402.85
2020-08-31,Tienda A,Alimentos,51,49.26
2020-08-31,Tienda A,Juguetes,66,410.48
2020-08-31,Tienda B,Electrónica,54,267.94
2020-08-31,Tienda B,Ropa,60,39.57
2020-08-31,Tienda B,Alimentos,49,437.17
2020-08-31,Tienda B,Juguetes,51,396.95
2020-08-31,Tienda C,Electrónica,58,282.13
2020-08-31,Tienda C,Ropa,60,498.2
2020-08-31,Tienda C,Alimentos,48,45.38
2020-08-31,Tienda C,Juguetes,54,366.31
2020-08-31,Tienda D,Electrónica,61,179.51
2020-08-31,Tienda D,Ropa,57,365.38
2020-08-31,Tienda D,Alimentos,55,451.34
2020-08-31,Tienda D,Juguetes,53,300.25
2020-08-31,Tienda E,Electrónica,67,315.25
2020-08-31,Tienda E,Ropa,58,74.47
2020-08-31,Tienda E,Alimentos,47,485.98
2020-08-31,Tienda E,Juguetes,47,251.22
2020-09-30,Tienda A,Electrónica,49,228.2
2020-09-30,Tienda A,Ropa,55,300.55
2020-09-30,Tienda A,Alimentos,47,485.01
2020-09-30,Tienda A,Juguetes,49,169.34
2020-09-30,Tienda B,Electrónica,61,485.21
2020-09-30,Tienda B,Ropa,54,46.01
2020-09-30,Tienda B,Alimentos,47,175.13
2020-09-30,Tienda B,Juguetes,63,131.87
2020-09-30,Tienda C,Electrónica,58,91.85
2020-09-30,Tienda C,Ropa,47,370.84
2020-09-30,Tienda C,Alimentos,59,423.64
2020-09-30,Tienda C,Juguetes,62,435.45
2020-09-30,Tienda D,Electrónica,48,142.18
2020-09-30,Tienda D,Ropa,40,468.94
2020-09-30,Tienda D,Alimentos,36,231.58
2020-09-30,Tienda D,Juguetes,69,258.55
2020-09-30,Tienda E,Electrónica,36,493.45
2020-09-30,Tienda E,Ropa,76,476.39
2020-09-30,Tienda E,Alimentos,58,232.82
2020-09-30,Tienda E,Juguetes,55,336.76
2020-10-31,Tienda A,Electrónica,56,160.89
2020-10-31,Tienda A,Ropa,71,339.98
2020-10-31,Tienda A,Alimentos,91,339.58
2020-10-31,Tienda A,Juguetes,65,96.8
2020-10-31,Tienda B,Electrónica,71,472.86
2020-10-31,Tienda B,Ropa,70,312.75
2020-10-31,Tienda B,Alimentos,77,24.89
2020-10-31,Tienda B,Juguetes,81,341.49
2020-10-31,Tienda C,Electrónica,59,202.99
2020-10-31,Tienda C,Ropa,70,332.34
2020-10-31,Tienda C,Alimentos,77,287.84
2020-10-31,Tienda C,Juguetes,64,337.12
2020-10-31,Tienda D,Electrónica,74,400.93
2020-10-31,Tienda D,Ropa,64,68.9
2020-10-31,Tienda D,Alimentos,67,169.05
2020-10-31,Tienda D,Juguetes,63,350.78
2020-10-31,Tienda E,Electrónica,63,126.4
2020-10-31,Tienda E,Ropa,63,45.87
2020-10-31,Tienda E,Alimentos,68,313.55
2020-10-31,Tienda E,Juguetes,65,433.03
2020-11-30,Tienda A,Electrónica,66,22.56
2020-11-30,Tienda A,Ropa,62,205.42
2020-11-30,Tienda A,Alimentos,68,307.87
2020-11-30,Tienda A,Juguetes,73,361.88
2020-11-30,Tienda B,Electrónica,85,105.93
2020-11-30,Tienda B,Ropa,78,464.25
2020-11-30,Tienda B,Alimentos,62,248.08
2020-11-30,Tienda B,Juguetes,60,160.57
2020-11-30,Tienda C,Electrónica,74,162.54
2020-11-30,Tienda C,Ropa,69,143.59
2020-11-30,Tienda C,Alimentos,64,98.76
2020-11-30,Tienda C,Juguetes,70,267.33
2020-11-30,Tienda D,Electrónica,71,287.98
2020-11-30,Tienda D,Ropa,66,279.61
2020-11-30,Tienda D,Alimentos,84,411.4
2020-11-30,Tienda D,Juguetes,77,113.9
2020-11-30,Tienda E,Electrónica,69,421.53
2020-11-30,Tienda E,Ropa,78,126.07
2020-11-30,Tienda E,Alimentos,73,413.08
2020-11-30,Tienda E,Juguetes,64,56.81
2020-12-31,Tienda A,Electrónica,69,297.44
2020-12-31,Tienda A,Ropa,57,432.77
2020-12-31,Tienda A,Alimentos,59,21.58
2020-12-31,Tienda A,Juguetes,69,277.88
2020-12-31,Tienda B,Electrónica,59,301.29
2020-12-31,Tienda B,Ropa,56,208.12
2020-12-31,Tienda B,Alimentos,64,349.29
2020-12-31,Tienda B,Juguetes,54,293.41
2020-12-31,Tienda C,Electrónica,60,51.97
2020-12-31,Tienda C,Ropa,78,168.45
2020-12-31,Tienda C,Alimentos,59,44.02
2020-12-31,Tienda C,Juguetes,66,402.17
2020-12-31,Tienda D,Electrónica,59,441.24
2020-12-31,Tienda D,Ropa,70,168.92
2020-12-31,Tienda D,Alimentos,62,497.13
2020-12-31,Tienda D,Juguetes,70,368.02
2020-12-31,Tienda E,Electrónica,65,285.53
2020-12-31,Tienda E,Ropa,86,348.1
2020-12-31,Tienda E,Alimentos,58,57.37
2020-12-31,Tienda E,Juguetes,65,180.31
2021-01-31,Tienda A,Electrónica,64,464.32
2021-01-31,Tienda A,Ropa,53,84.68
2021-01-31,Tienda A,Alimentos,61,265.27
2021-01-31,Tienda A,Juguetes,63,380.08
2021-01-31,Tienda B,Electrónica,50,393.19
2021-01-31,Tienda B,Ropa,65,158.53
2021-01-31,Tienda B,Alimentos,54,52.94
2021-01-31,Tienda B,Juguetes,75,159.71
2021-01-31,Tienda C,Electrónica,58,304.29
2021-01-31,Tienda C,Ropa,60,253.51
2021-01-31,Tienda C,Alimentos,49,196.51
2021-01-31,Tienda C,Juguetes,70,404.9
2021-01-31,Tienda D,Electrónica,67,49.65
2021-01-31,Tienda D,Ropa,58,350.53
2021-01-31,Tienda D,Alimentos,63,74.94
2021-01-31,Tienda D,Juguetes,60,384.76
2021-01-31,Tienda E,Electrónica,52,205.34
2021-01-31,Tienda E,Ropa,50,43.4
2021-01-31,Tienda E,Alimentos,56,225.36
2021-01-31,Tienda E,Juguetes,48,115.86
2021-02-28,Tienda A,Electrónica,63,84.49
2021-02-28,Tienda A,Ropa,59,497.48
2021-02-28,Tienda A,Alimentos,44,492.0
2021-02-28,Tienda A,Juguetes,54,69.48
2021-02-28,Tienda B,Electrónica,55,349.16
2021-02-28,Tienda B,Ropa,45,498.38
2021-02-28,Tienda B,Alimentos,68,160.06
2021-02-28,Tienda B,Juguetes,63,218.78
2021-02-28,Tienda C,Electrónica,50,230.39
2021-02-28,Tienda C,Ropa,52,212.92
2021-02-28,Tienda C,Alimentos,68,386.96
2021-02-28,Tienda C,Juguetes,60,137.31
2021-02-28,Tienda D,Electrónica,66,272.3
2021-02-28,Tienda D,Ropa,53,128.19
2021-02-28,Tienda D,Alimentos,80,63.77
2021-02-28,Tienda D,Juguetes,61,423.73
2021-02-28,Tienda E,Electrónica,48,83.52
2021-02-28,Tienda E,Ropa,56,243.25
2021-02-28,Tienda E,Alimentos,57,235.13
2021-02-28,Tienda E,Juguetes,78,164.55
2021-03-31,Tienda A,Electrónica,64,134.79
2021-03-31,Tienda A,Ropa,69,451.86
2021-03-31,Tienda A,Alimentos,59,333.08
2021-03-31,Tienda A,Juguetes,71,310.83
2021-03-31,Tienda B,Electrónica,45,83.58
2021-03-31,Tienda B,Ropa,66,343.31
2021-03-31,Tienda B,Alimentos,41,361.0
2021-03-31,Tienda B,Juguetes,46,15.93
2021-03-31,Tienda C,Electrónica,57,181.35
2021-03-31,Tienda C,Ropa,67,100.75
2021-03-31,Tienda C,Alimentos,52,333.55
2021-03-31,Tienda C,Juguetes,66,20.26
2021-03-31,Tienda D,Electrónica,55,316.09
2021-03-31,Tienda D,Ropa,57,69.48
2021-03-31,Tienda D,Alimentos,63,325.51
2021-03-31,Tienda D,Juguetes,61,484.56
2021-03-31,Tienda E,Electrónica,67,490.19
2021-03-31,Tienda E,Ropa,62,376.56
2021-03-31,Tienda E,Alimentos,68,72.77
2021-03-31,Tienda E,Juguetes,56,120.06
2021-04-30,Tienda A,Electrónica,57,225.31
2021-04-30,Tienda A,Ropa,54,106.76
2021-04-30,Tienda A,Alimentos,71,150.09
2021-04-30,Tienda A,Juguetes,54,235.66
2021-04-30,Tienda B,Electrónica,69,390.46
2021-04-30,Tienda B,Ropa,64,277.06
2021-04-30,Tienda B,Alimentos,41,74.55
2021-04-30,Tienda B,Juguetes,65,114.62
2021-04-30,Tienda C,Electrónica,60,369.07
2021-04-30,Tienda C,Ropa,61,259.1
2021-04-30,Tienda C,Alimentos,55,347.55
2021-04-30,Tienda C,Juguetes,70,382.95
2021-04-30,Tienda D,Electrónica,51,14.57
2021-04-30,Tienda D,Ropa,54,495.99
2021-04-30,Tienda D,Alimentos,48,402.03
2021-04-30,Tienda D,Juguetes,53,369.2
2021-04-30,Tienda E,Electrónica,63,184.14
2021-04-30,Tienda E,Ropa,67,12.56
2021-04-30,Tienda E,Alimentos,66,375.41
2021-04-30,Tienda E,Juguetes,57,82.96
2021-05-31,Tienda A,Electrónica,55,498.2
2021-05-31,Tienda A,Ropa,57,363.81
2021-05-31,Tienda A,Alimentos,71,201.85
2021-05-31,Tienda A,Juguetes,58,11.58
2021-05-31,Tienda B,Electrónica,63,399.16
2021-05-31,Tienda B,Ropa,48,245.68
2021-05-31,Tienda B,Alimentos,63,294.19
2021-05-31,Tienda B,Juguetes,61,305.71
2021-05-31,Tienda C,Electrónica,64,142.21
2021-05-31,Tienda C,Ropa,68,47.76
2021-05-31,Tienda C,Alimentos,44,394.6
2021-05-31,Tienda C,Juguetes,65,263.46
2021-05-31,Tienda D,Electrónica,59,170.81
2021-05-31,Tienda D,Ropa,58,118.1
2021-05-31,Tienda D,Alimentos,62,499.19
2021-05-31,Tienda D,Juguetes,75,216.41
2021-05-31,Tienda E,Electrónica,63,67.98
2021-05-31,Tienda E,Ropa,58,198.08
2021-05-31,Tienda E,Alimentos,62,100.39
2021-05-31,Tienda E,Juguetes,57,22.84
2021-06-30,Tienda A,Electrónica,55,156.38
2021-06-30,Tienda A,Ropa,76,220.53
2021-06-30,Tienda A,Alimentos,70,101.19
2021-06-30,Tienda A,Juguetes,68,246.65
2021-06-30,Tienda B,Electrónica,50,366.69
2021-06-30,Tienda B,Ropa,60,367.46
2021-06-30,Tienda B,Alimentos,66,309.01
2021-06-30,Tienda B,Juguetes,50,331.91
2021-06-30,Tienda C,Electrónica,79,37.96
2021-06-30,Tienda C,Ropa,55,131.02
2021-06-30,Tienda C,Alimentos,72,143.26
2021-06-30,Tienda C,Juguetes,66,390.59
2021-06-30,Tienda D,Electrónica,45,26.47
2021-06-30,Tienda D,Ropa,50,211.44
2021-06-30,Tienda D,Alimentos,56,20.69
2021-06-30,Tienda D,Juguetes,61,35.61
2021-06-30,Tienda E,Electrónica,58,368.1
2021-06-30,Tienda E,Ropa,63,287.01
2021-06-30,Tienda E,Alimentos,59,308.18
2021-06-30,Tienda E,Juguetes,56,84.11
2021-07-31,Tienda A,Electrónica,53,426.8
2021-07-31,Tienda A,Ropa,61,66.24
2021-07-31,Tienda A,Alimentos,70,43.16
2021-07-31,Tienda A,Juguetes,65,50.05
2021-07-31,Tienda B,Electrónica,59,91.23
2021-07-31,Tienda B,Ropa,76,337.82
2021-07-31,Tienda B,Alimentos,59,328.98
2021-07-31,Tienda B,Juguetes,61,261.13
2021-07-31,Tienda C,Electrónica,68,35.46
2021-07-31,Tienda C,Ropa,67,136.72
2021-07-31,Tienda C,Alimentos,51,380.81
2021-07-31,Tienda C,Juguetes,60,440.14
2021-07-31,Tienda D,Electrónica,54,492.64
2021-07-31,Tienda D,Ropa,67,41.95
2021-07-31,Tienda D,Alimentos,59,273.96
2021-07-31,Tienda D,Juguetes,60,331.82
2021-07-31,Tienda E,Electrónica,68,390.05
2021-07-31,Tienda E,Ropa,81,266.43
2021-07-31,Tienda E,Alimentos,55,293.02
2021-07-31,Tienda E,Juguetes,63,204.03
2021-08-31,Tienda A,Electrónica,73,87.4
2021-08-31,Tienda A,Ropa,65,165.21
2021-08-31,Tienda A,Alimentos,50,100.27
2021-08-31,Tienda A,Juguetes,71,84.53
2021-08-31,Tienda B,Electrónica,59,50.9
2021-08-31,Tienda B,Ropa,71,257.55
2021-08-31,Tienda B,Alimentos,82,492.21
2021-08-31,Tienda B,Juguetes,64,91.32
2021-08-31,Tienda C,Electrónica,71,89.49
2021-08-31,Tienda C,Ropa,61,446.23
2021-08-31,Tienda C,Alimentos,47,101.83
2021-08-31,Tienda C,Juguetes,61,164.03
2021-08-31,Tienda D,Electrónica,59,235.04
2021-08-31,Tienda D,Ropa,57,415.84
2021-08-31,Tienda D,Alimentos,56,358.89
2021-08-31,Tienda D,Juguetes,68,127.54
2021-08-31,Tienda E,Electrónica,50,230.67
2021-08-31,Tienda E,Ropa,66,314.25
2021-08-31,Tienda E,Alimentos,57,240.93
2021-08-31,Tienda E,Juguetes,50,169.3
2021-09-30,Tienda A,Electrónica,64,95.69
2021-09-30,Tienda A,Ropa,69,420.15
2021-09-30,Tienda A,Alimentos,55,350.13
2021-09-30,Tienda A,Juguetes,60,114.2
2021-09-30,Tienda B,Electrónica,63,436.89
2021-09-30,Tienda B,Ropa,66,335.84
2021-09-30,Tienda B,Alimentos,54,338.66
2021-09-30,Tienda B,Juguetes,61,229.06
2021-09-30,Tienda C,Electrónica,59,277.86
2021-09-30,Tienda C,Ropa,49,30.59
2021-09-30,Tienda C,Alimentos,55,153.19
2021-09-30,Tienda C,Juguetes,73,404.4
2021-09-30,Tienda D,Electrónica,65,416.4
2021-09-30,Tienda D,Ropa,55,65.16
2021-09-30,Tienda D,Alimentos,65,57.3
2021-09-30,Tienda D,Juguetes,54,239.7
2021-09-30,Tienda E,Electrónica,55,155.65
2021-09-30,Tienda E,Ropa,55,33.59
2021-09-30,Tienda E,Alimentos,72,337.22
2021-09-30,Tienda E,Juguetes,62,100.81
2021-10-31,Tienda A,Electrónica,57,399.34
2021-10-31,Tienda A,Ropa,72,417.37
2021-10-31,Tienda A,Alimentos,74,55.99
2021-10-31,Tienda A,Juguetes,86,416.35
2021-10-31,Tienda B,Electrónica,84,263.55
2021-10-31,Tienda B,Ropa,70,222.95
2021-10-31,Tienda B,Alimentos,79,447.34
2021-10-31,Tienda B,Juguetes,71,319.34
2021-10-31,Tienda C,Electrónica,74,126.34
2021-10-31,Tienda C,Ropa,72,198.41
2021-10-31,Tienda C,Alimentos,72,475.76
2021-10-31,Tienda C,Juguetes,74,258.07
2021-10-31,Tienda D,Electrónica,75,134.65
2021-10-31,Tienda D,Ropa,68,32.37
2021-10-31,Tienda D,Alimentos,61,486.05
2021-10-31,Tienda D,Juguetes,68,106.09
2021-10-31,Tienda E,Electrónica,75,111.43
2021-10-31,Tienda E,Ropa,72,13.76
2021-10-31,Tienda E,Alimentos,64,62.93
2021-10-31,Tienda E,Juguetes,68,290.3
2021-11-30,Tienda A,Electrónica,72,466.56
2021-11-30,Tienda A,Ropa,69,312.36
2021-11-30,Tienda A,Alimentos,60,258.63
2021-11-30,Tienda A,Juguetes,83,354.11
2021-11-30,Tienda B,Electrónica,66,216.7
2021-11-30,Tienda B,Ropa,70,359.88
2021-11-30,Tienda B,Alimentos,75,413.66
2021-11-30,Tienda B,Juguetes,53,39.17
2021-11-30,Tienda C,Electrónica,75,66.1
2021-11-30,Tienda C,Ropa,69,190.84
2021-11-30,Tienda C,Alimentos,60,378.08
2021-11-30,Tienda C,Juguetes,56,183.84
2021-11-30,Tienda D,Electrónica,89,342.55
2021-11-30,Tienda D,Ropa,68,14.96
2021-11-30,Tienda D,Alimentos,75,310.16
2021-11-30,Tienda D,Juguetes,83,69.07
2021-11-30,Tienda E,Electrónica,85,271.64
2021-11-30,Tienda E,Ropa,61,216.8
2021-11-30,Tienda E,Alimentos,67,292.83
2021-11-30,Tienda E,Juguetes,51,283.73
2021-12-31,Tienda A,Electrónica,68,329.62
2021-12-31,Tienda A,Ropa,82,220.67
2021-12-31,Tienda A,Alimentos,76,160.09
2021-12-31,Tienda A,Juguetes,80,401.21
2021-12-31,Tienda B,Electrónica,86,166.24
2021-12-31,Tienda B,Ropa,74,304.53
2021-12-31,Tienda B,Alimentos,77,193.53
2021-12-31,Tienda B,Juguetes,62,79.87
2021-12-31,Tienda C,Electrónica,84,85.69
2021-12-31,Tienda C,Ropa,75,45.14
2021-12-31,Tienda C,Alimentos,70,341.79
2021-12-31,Tienda C,Juguetes,75,116.77
2021-12-31,Tienda D,Electrónica,77,247.94
2021-12-31,Tienda D,Ropa,95,29.11
2021-12-31,Tienda D,Alimentos,62,380.54
2021-12-31,Tienda D,Juguetes,71,451.04
2021-12-31,Tienda E,Electrónica,67,305.44
2021-12-31,Tienda E,Ropa,69,176.79
2021-12-31,Tienda E,Alimentos,73,281.32
2021-12-31,Tienda E,Juguetes,73,418.49
2022-01-31,Tienda A,Electrónica,64,137.07
2022-01-31,Tienda A,Ropa,57,177.8
2022-01-31,Tienda A,Alimentos,66,294.43
2022-01-31,Tienda A,Juguetes,55,316.85
2022-01-31,Tienda B,Electrónica,65,496.99
2022-01-31,Tienda B,Ropa,76,288.99
2022-01-31,Tienda B,Alimentos,68,203.62
2022-01-31,Tienda B,Juguetes,66,482.37
2022-01-31,Tienda C,Electrónica,78,271.36
2022-01-31,Tienda C,Ropa,75,397.35
2022-01-31,Tienda C,Alimentos,54,145.13
2022-01-31,Tienda C,Juguetes,55,490.68
2022-01-31,Tienda D,Electrónica,65,298.48
2022-01-31,Tienda D,Ropa,62,109.58
2022-01-31,Tienda D,Alimentos,72,260.52
2022-01-31,Tienda D,Juguetes,65,434.13
2022-01-31,Tienda E,Electrónica,74,291.03
2022-01-31,Tienda E,Ropa,84,63.54
2022-01-31,Tienda E,Alimentos,75,425.01
2022-01-31,Tienda E,Juguetes,77,442.9
2022-02-28,Tienda A,Electrónica,64,317.03
2022-02-28,Tienda A,Ropa,79,243.65
2022-02-28,Tienda A,Alimentos,69,349.34
2022-02-28,Tienda A,Juguetes,55,185.77
2022-02-28,Tienda B,Electrónica,73,113.25
2022-02-28,Tienda B,Ropa,85,498.93
2022-02-28,Tienda B,Alimentos,69,154.36
2022-02-28,Tienda B,Juguetes,74,80.0
2022-02-28,Tienda C,Electrónica,71,332.68
2022-02-28,Tienda C,Ropa,68,248.94
2022-02-28,Tienda C,Alimentos,51,209.48
2022-02-28,Tienda C,Juguetes,49,64.39
2022-02-28,Tienda D,Electrónica,65,47.66
2022-02-28,Tienda D,Ropa,65,356.47
2022-02-28,Tienda D,Alimentos,47,207.41
2022-02-28,Tienda D,Juguetes,60,147.69
2022-02-28,Tienda E,Electrónica,63,167.53
2022-02-28,Tienda E,Ropa,64,323.83
2022-02-28,Tienda E,Alimentos,62,70.23
2022-02-28,Tienda E,Juguetes,77,230.18
2022-03-31,Tienda A,Electrónica,67,45.17
2022-03-31,Tienda A,Ropa,69,359.84
2022-03-31,Tienda A,Alimentos,66,80.01
2022-03-31,Tienda A,Juguetes,72,253.38
2022-03-31,Tienda B,Electrónica,60,318.48
2022-03-31,Tienda B,Ropa,48,165.62
2022-03-31,Tienda B,Alimentos,46,356.42
2022-03-31,Tienda B,Juguetes,71,59.93
2022-03-31,Tienda C,Electrónica,62,422.93
2022-03-31,Tienda C,Ropa,60,447.02
2022-03-31,Tienda C,Alimentos,63,194.89
2022-03-31,Tienda C,Juguetes,87,346.64
2022-03-31,Tienda D,Electrónica,65,320.03
2022-03-31,Tienda D,Ropa,70,91.81
2022-03-31,Tienda D,Alimentos,70,483.36
2022-03-31,Tienda D,Juguetes,70,61.63
2022-03-31,Tienda E,Electrónica,72,33.61
2022-03-31,Tienda E,Ropa,62,255.2
2022-03-31,Tienda E,Alimentos,63,112.35
2022-03-31,Tienda E,Juguetes,62,35.65
2022-04-30,Tienda A,Electrónica,72,412.87
2022-04-30,Tienda A,Ropa,75,332.1
2022-04-30,Tienda A,Alimentos,64,115.71
2022-04-30,Tienda A,Juguetes,69,154.7
2022-04-30,Tienda B,Electrónica,55,371.91
2022-04-30,Tienda B,Ropa,60,203.61
2022-04-30,Tienda B,Alimentos,70,446.21
2022-04-30,Tienda B,Juguetes,60,38.47
2022-04-30,Tienda C,Electrónica,53,141.12
2022-04-30,Tienda C,Ropa,74,195.76
2022-04-30,Tienda C,Alimentos,61,70.94
2022-04-30,Tienda C,Juguetes,63,208.1
2022-04-30,Tienda D,Electrónica,66,14.86
2022-04-30,Tienda D,Ropa,64,264.33
2022-04-30,Tienda D,Alimentos,69,389.26
2022-04-30,Tienda D,Juguetes,72,488.25
2022-04-30,Tienda E,Electrónica,54,387.38
2022-04-30,Tienda E,Ropa,73,140.14
2022-04-30,Tienda E,Alimentos,72,180.57
2022-04-30,Tienda E,Juguetes,62,156.9
2022-05-31,Tienda A,Electrónica,74,450.29
2022-05-31,Tienda A,Ropa,72,234.42
2022-05-31,Tienda A,Alimentos,63,42.19
2022-05-31,Tienda A,Juguetes,58,247.2
2022-05-31,Tienda B,Electrónica,71,38.34
2022-05-31,Tienda B,Ropa,66,47.05
2022-05-31,Tienda B,Alimentos,62,105.96
2022-05-31,Tienda B,Juguetes,55,392.85
2022-05-31,Tienda C,Electrónica,67,407.45
2022-05-31,Tienda C,Ropa,68,340.32
2022-05-31,Tienda C,Alimentos,59,459.57
2022-05-31,Tienda C,Juguetes,60,446.17
2022-05-31,Tienda D,Electrónica,70,82.18
2022-05-31,Tienda D,Ropa,64,479.39
2022-05-31,Tienda D,Alimentos,66,255.3
2022-05-31,Tienda D,Juguetes,69,144.6
2022-05-31,Tienda E,Electrónica,73,277.82
2022-05-31,Tienda E,Ropa,63,91.22
2022-05-31,Tienda E,Alimentos,64,34.49
2022-05-31,Tienda E,Juguetes,59,300.84
2022-06-30,Tienda A,Electrónica,50,490.78
2022-06-30,Tienda A,Ropa,57,454.87
2022-06-30,Tienda A,Alimentos,71,243.68
2022-06-30,Tienda A,Juguetes,70,323.9
2022-06-30,Tienda B,Electrónica,69,286.89
2022-06-30,Tienda B,Ropa,72,15.93
2022-06-30,Tienda B,Alimentos,79,320.84
2022-06-30,Tienda B,Juguetes,58,425.54
2022-06-30,Tienda C,Electrónica,71,220.06
2022-06-30,Tienda C,Ropa,69,151.55
2022-06-30,Tienda C,Alimentos,63,496.69
2022-06-30,Tienda C,Juguetes,62,379.59
2022-06-30,Tienda D,Electrónica,67,395.9
2022-06-30,Tienda D,Ropa,59,185.7
2022-06-30,Tienda D,Alimentos,69,103.88
2022-06-30,Tienda D,Juguetes,79,257.92
2022-06-30,Tienda E,Electrónica,58,27.65
2022-06-30,Tienda E,Ropa,60,294.99
2022-06-30,Tienda E,Alimentos,63,263.18
2022-06-30,Tienda E,Juguetes,71,182.99
2022-07-31,Tienda A,Electrónica,77,392.38
2022-07-31,Tienda A,Ropa,64,110.29
2022-07-31,Tienda A,Alimentos,67,172.47
2022-07-31,Tienda A,Juguetes,75,44.87
2022-07-31,Tienda B,Electrónica,65,407.33
2022-07-31,Tienda B,Ropa,74,349.87
2022-07-31,Tienda B,Alimentos,72,84.28
2022-07-31,Tienda B,Juguetes,76,148.41
2022-07-31,Tienda C,Electrónica,63,72.65
2022-07-31,Tienda C,Ropa,72,214.12
2022-07-31,Tienda C,Alimentos,65,486.81
2022-07-31,Tienda C,Juguetes,58,158.93
2022-07-31,Tienda D,Electrónica,58,367.38
2022-07-31,Tienda D,Ropa,88,334.89
2022-07-31,Tienda D,Alimentos,71,217.09
2022-07-31,Tienda D,Juguetes,60,359.18
2022-07-31,Tienda E,Electrónica,73,191.76
2022-07-31,Tienda E,Ropa,77,492.58
2022-07-31,Tienda E,Alimentos,71,299.41
2022-07-31,Tienda E,Juguetes,69,276.8
2022-08-31,Tienda A,Electrónica,70,392.51
2022-08-31,Tienda A,Ropa,67,30.79
2022-08-31,Tienda A,Alimentos,59,155.31
2022-08-31,Tienda A,Juguetes,70,60.23
2022-08-31,Tienda B,Electrónica,65,190.95
2022-08-31,Tienda B,Ropa,80,351.63
2022-08-31,Tienda B,Alimentos,70,461.29
2022-08-31,Tienda B,Juguetes,70,432.23
2022-08-31,Tienda C,Electrónica,59,105.67
2022-08-31,Tienda C,Ropa,61,489.48
2022-08-31,Tienda C,Alimentos,75,366.26
2022-08-31,Tienda C,Juguetes,66,253.17
2022-08-31,Tienda D,Electrónica,62,395.24
2022-08-31,Tienda D,Ropa,71,22.34
2022-08-31,Tienda D,Alimentos,74,354.81
2022-08-31,Tienda D,Juguetes,58,410.39
2022-08-31,Tienda E,Electrónica,66,35.32
2022-08-31,Tienda E,Ropa,65,432.69
2022-08-31,Tienda E,Alimentos,56,280.83
2022-08-31,Tienda E,Juguetes,62,433.99
2022-09-30,Tienda A,Electrónica,56,152.12
2022-09-30,Tienda A,Ropa,76,400.37
2022-09-30,Tienda A,Alimentos,59,290.16
2022-09-30,Tienda A,Juguetes,47,150.94
2022-09-30,Tienda B,Electrónica,60,314.43
2022-09-30,Tienda B,Ropa,61,208.22
2022-09-30,Tienda B,Alimentos,50,150.02
2022-09-30,Tienda B,Juguetes,63,172.9
2022-09-30,Tienda C,Electrónica,48,472.78
2022-09-30,Tienda C,Ropa,68,319.82
2022-09-30,Tienda C,Alimentos,57,377.96
2022-09-30,Tienda C,Juguetes,53,145.4
2022-09-30,Tienda D,Electrónica,50,97.89
2022-09-30,Tienda D,Ropa,90,207.76
2022-09-30,Tienda D,Alimentos,71,217.14
2022-09-30,Tienda D,Juguetes,61,139.5
2022-09-30,Tienda E,Electrónica,57,141.58
2022-09-30,Tienda E,Ropa,60,484.58
2022-09-30,Tienda E,Alimentos,67,47.04
2022-09-30,Tienda E,Juguetes,83,55.11
2022-10-31,Tienda A,Electrónica,80,327.77
2022-10-31,Tienda A,Ropa,72,482.86
2022-10-31,Tienda A,Alimentos,71,356.25
2022-10-31,Tienda A,Juguetes,81,142.84
2022-10-31,Tienda B,Electrónica,80,473.9
2022-10-31,Tienda B,Ropa,65,472.92
2022-10-31,Tienda B,Alimentos,84,109.29
2022-10-31,Tienda B,Juguetes,80,343.25
2022-10-31,Tienda C,Electrónica,76,295.63
2022-10-31,Tienda C,Ropa,71,479.21
2022-10-31,Tienda C,Alimentos,75,102.38
2022-10-31,Tienda C,Juguetes,65,222.46
2022-10-31,Tienda D,Electrónica,64,458.13
2022-10-31,Tienda D,Ropa,76,222.86
2022-10-31,Tienda D,Alimentos,84,298.83
2022-10-31,Tienda D,Juguetes,81,128.59
2022-10-31,Tienda E,Electrónica,84,107.64
2022-10-31,Tienda E,Ropa,90,16.74
2022-10-31,Tienda E,Alimentos,71,142.7
2022-10-31,Tienda E,Juguetes,71,234.88
2022-11-30,Tienda A,Electrónica,84,339.71
2022-11-30,Tienda A,Ropa,88,413.26
2022-11-30,Tienda A,Alimentos,95,108.14
2022-11-30,Tienda A,Juguetes,81,371.58
2022-11-30,Tienda B,Electrónica,78,191.85
2022-11-30,Tienda B,Ropa,93,273.78
2022-11-30,Tienda B,Alimentos,72,448.72
2022-11-30,Tienda B,Juguetes,82,232.63
2022-11-30,Tienda C,Electrónica,81,355.68
2022-11-30,Tienda C,Ropa,76,328.17
2022-11-30,Tienda C,Alimentos,95,414.12
2022-11-30,Tienda C,Juguetes,72,20.74
2022-11-30,Tienda D,Electrónica,73,37.53
2022-11-30,Tienda D,Ropa,78,61.64
2022-11-30,Tienda D,Alimentos,85,331.04
2022-11-30,Tienda D,Juguetes,71,88.63
2022-11-30,Tienda E,Electrónica,62,335.47
2022-11-30,Tienda E,Ropa,90,345.72
2022-11-30,Tienda E,Alimentos,65,161.81
2022-11-30,Tienda E,Juguetes,71,272.42
2022-12-31,Tienda A,Electrónica,74,415.99
2022-12-31,Tienda A,Ropa,86,457.76
2022-12-31,Tienda A,Alimentos,98,183.67
2022-12-31,Tienda A,Juguetes,78,439.4
2022-12-31,Tienda B,Electrónica,65,281.15
2022-12-31,Tienda B,Ropa,78,430.82
2022-12-31,Tienda B,Alimentos,83,430.79
2022-12-31,Tienda B,Juguetes,85,309.17
2022-12-31,Tienda C,Electrónica,68,97.83
2022-12-31,Tienda C,Ropa,83,67.6
2022-12-31,Tienda C,Alimentos,68,362.18
2022-12-31,Tienda C,Juguetes,84,89.07
2022-12-31,Tienda D,Electrónica,63,91.22
2022-12-31,Tienda D,Ropa,91,183.59
2022-12-31,Tienda D,Alimentos,65,264.42
2022-12-31,Tienda D,Juguetes,81,38.29
2022-12-31,Tienda E,Electrónica,75,117.58
2022-12-31,Tienda E,Ropa,79,220.18
2022-12-31,Tienda E,Alimentos,79,354.05
2022-12-31,Tienda E,Juguetes,68,211.86
2023-01-31,Tienda A,Electrónica,81,270.93
2023-01-31,Tienda A,Ropa,58,67.43
2023-01-31,Tienda A,Alimentos,66,349.12
2023-01-31,Tienda A,Juguetes,62,448.88
2023-01-31,Tienda B,Electrónica,62,215.44
2023-01-31,Tienda B,Ropa,54,284.73
2023-01-31,Tienda B,Alimentos,73,134.1
2023-01-31,Tienda B,Juguetes,71,412.48
2023-01-31,Tienda C,Electrónica,80,173.48
2023-01-31,Tienda C,Ropa,78,99.89
2023-01-31,Tienda C,Alimentos,69,200.03
2023-01-31,Tienda C,Juguetes,62,439.9
2023-01-31,Tienda D,Electrónica,67,484.35
2023-01-31,Tienda D,Ropa,54,46.31
2023-01-31,Tienda D,Alimentos,67,222.4
2023-01-31,Tienda D,Juguetes,65,181.76
2023-01-31,Tienda E,Electrónica,67,191.09
2023-01-31,Tienda E,Ropa,69,331.8
2023-01-31,Tienda E,Alimentos,75,116.66
2023-01-31,Tienda E,Juguetes,74,12.6
2023-02-28,Tienda A,Electrónica,78,278.73
2023-02-28,Tienda A,Ropa,54,296.02
2023-02-28,Tienda A,Alimentos,77,403.47
2023-02-28,Tienda A,Juguetes,70,338.87
2023-02-28,Tienda B,Electrónica,73,93.24
2023-02-28,Tienda B,Ropa,62,377.49
2023-02-28,Tienda B,Alimentos,83,302.61
2023-02-28,Tienda B,Juguetes,74,293.62
2023-02-28,Tienda C,Electrónica,73,242.22
2023-02-28,Tienda C,Ropa,75,109.1
2023-02-28,Tienda C,Alimentos,65,115.31
2023-02-28,Tienda C,Juguetes,68,258.46
2023-02-28,Tienda D,Electrónica,61,351.12
2023-02-28,Tienda D,Ropa,67,333.16
2023-02-28,Tienda D,Alimentos,78,349.26
2023-02-28,Tienda D,Juguetes,64,321.82
2023-02-28,Tienda E,Electrónica,66,103.55
2023-02-28,Tienda E,Ropa,75,301.7
2023-02-28,Tienda E,Alimentos,64,409.32
2023-02-28,Tienda E,Juguetes,77,101.98
2023-03-31,Tienda A,Electrónica,56,190.49
2023-03-31,Tienda A,Ropa,68,137.19
2023-03-31,Tienda A,Alimentos,63,29.1
2023-03-31,Tienda A,Juguetes,74,449.98
2023-03-31,Tienda B,Electrónica,82,451.47
2023-03-31,Tienda B,Ropa,80,292.58
2023-03-31,Tienda B,Alimentos,54,499.46
2023-03-31,Tienda B,Juguetes,66,405.27
2023-03-31,Tienda C,Electrónica,63,211.48
2023-03-31,Tienda C,Ropa,59,186.61
2023-03-31,Tienda C,Alimentos,77,163.26
2023-03-31,Tienda C,Juguetes,74,17.05
2023-03-31,Tienda D,Electrónica,77,383.53
2023-03-31,Tienda D,Ropa,73,316.06
2023-03-31,Tienda D,Alimentos,81,294.67
2023-03-31,Tienda D,Juguetes,69,200.72
2023-03-31,Tienda E,Electrónica,63,464.81
2023-03-31,Tienda E,Ropa,85,268.56
2023-03-31,Tienda E,Alimentos,78,300.65
2023-03-31,Tienda E,Juguetes,52,340.65
2023-04-30,Tienda A,Electrónica,74,471.43
2023-04-30,Tienda A,Ropa,61,348.53
2023-04-30,Tienda A,Alimentos,75,144.89
2023-04-30,Tienda A,Juguetes,60,303.66
2023-04-30,Tienda B,Electrónica,61,233.03
2023-04-30,Tienda B,Ropa,74,93.17
2023-04-30,Tienda B,Alimentos,73,420.7
2023-04-30,Tienda B,Juguetes,71,206.92
2023-04-30,Tienda C,Electrónica,60,145.74
2023-04-30,Tienda C,Ropa,84,300.49
2023-04-30,Tienda C,Alimentos,66,25.55
2023-04-30,Tienda C,Juguetes,68,307.36
2023-04-30,Tienda D,Electrónica,81,332.93
2023-04-30,Tienda D,Ropa,62,444.19
2023-04-30,Tienda D,Alimentos,62,150.39
2023-04-30,Tienda D,Juguetes,69,40.57
2023-04-30,Tienda E,Electrónica,66,487.92
2023-04-30,Tienda E,Ropa,87,198.94
2023-04-30,Tienda E,Alimentos,55,122.39
2023-04-30,Tienda E,Juguetes,69,59.48
2023-05-31,Tienda A,Electrónica,61,486.81
2023-05-31,Tienda A,Ropa,68,401.16
2023-05-31,Tienda A,Alimentos,66,123.93
2023-05-31,Tienda A,Juguetes,59,184.11
2023-05-31,Tienda B,Electrónica,74,113.15
2023-05-31,Tienda B,Ropa,78,177.9
2023-05-31,Tienda B,Alimentos,81,50.54
2023-05-31,Tienda B,Juguetes,70,286.07
2023-05-31,Tienda C,Electrónica,78,294.54
2023-05-31,Tienda C,Ropa,70,315.76
2023-05-31,Tienda C,Alimentos,64,50.31
2023-05-31,Tienda C,Juguetes,69,412.97
2023-05-31,Tienda D,Electrónica,53,234.63
2023-05-31,Tienda D,Ropa,76,336.93
2023-05-31,Tienda D,Alimentos,77,163.8
2023-05-31,Tienda D,Juguetes,71,494.83
2023-05-31,Tienda E,Electrónica,82,105.63
2023-05-31,Tienda E,Ropa,70,251.36
2023-05-31,Tienda E,Alimentos,70,187.09
2023-05-31,Tienda E,Juguetes,80,170.83
2023-06-30,Tienda A,Electrónica,69,71.74
2023-06-30,Tienda A,Ropa,61,293.86
2023-06-30,Tienda A,Alimentos,70,122.62
2023-06-30,Tienda A,Juguetes,71,334.22
2023-06-30,Tienda B,Electrónica,60,100.78
2023-06-30,Tienda B,Ropa,64,99.59
2023-06-30,Tienda B,Alimentos,79,464.29
2023-06-30,Tienda B,Juguetes,60,400.89
2023-06-30,Tienda C,Electrónica,67,282.82
2023-06-30,Tienda C,Ropa,80,95.81
2023-06-30,Tienda C,Alimentos,74,116.92
2023-06-30,Tienda C,Juguetes,81,138.99
2023-06-30,Tienda D,Electrónica,78,377.63
2023-06-30,Tienda D,Ropa,60,182.1
2023-06-30,Tienda D,Alimentos,57,461.16
2023-06-30,Tienda D,Juguetes,49,111.7
2023-06-30,Tienda E,Electrónica,69,382.68
2023-06-30,Tienda E,Ropa,60,220.69
2023-06-30,Tienda E,Alimentos,77,415.5
2023-06-30,Tienda E,Juguetes,61,110.18
2023-07-31,Tienda A,Electrónica,66,311.41
2023-07-31,Tienda A,Ropa,84,255.63
2023-07-31,Tienda A,Alimentos,51,280.07
2023-07-31,Tienda A,Juguetes,68,88.73
2023-07-31,Tienda B,Electrónica,63,365.05
2023-07-31,Tienda B,Ropa,58,147.71
2023-07-31,Tienda B,Alimentos,61,402.71
2023-07-31,Tienda B,Juguetes,67,71.49
2023-07-31,Tienda C,Electrónica,77,341.92
2023-07-31,Tienda C,Ropa,72,199.79
2023-07-31,Tienda C,Alimentos,54,415.16
2023-07-31,Tienda C,Juguetes,71,124.87
2023-07-31,Tienda D,Electrónica,66,481.13
2023-07-31,Tienda D,Ropa,64,342.46
2023-07-31,Tienda D,Alimentos,65,474.11
2023-07-31,Tienda D,Juguetes,82,145.96
2023-07-31,Tienda E,Electrónica,75,495.15
2023-07-31,Tienda E,Ropa,65,48.68
2023-07-31,Tienda E,Alimentos,69,178.26
2023-07-31,Tienda E,Juguetes,61,465.03
2023-08-31,Tienda A,Electrónica,53,89.77
2023-08-31,Tienda A,Ropa,72,484.36
2023-08-31,Tienda A,Alimentos,69,130.86
2023-08-31,Tienda A,Juguetes,69,378.08
2023-08-31,Tienda B,Electrónica,77,453.14
2023-08-31,Tienda B,Ropa,79,37.25
2023-08-31,Tienda B,Alimentos,74,207.18
2023-08-31,Tienda B,Juguetes,83,348.62
2023-08-31,Tienda C,Electrónica,64,100.47
2023-08-31,Tienda C,Ropa,66,417.17
2023-08-31,Tienda C,Alimentos,58,270.41
2023-08-31,Tienda C,Juguetes,65,156.97
2023-08-31,Tienda D,Electrónica,72,90.56
2023-08-31,Tienda D,Ropa,58,452.18
2023-08-31,Tienda D,Alimentos,66,332.74
2023-08-31,Tienda D,Juguetes,86,287.64
2023-08-31,Tienda E,Electrónica,74,205.76
2023-08-31,Tienda E,Ropa,66,415.01
2023-08-31,Tienda E,Alimentos,78,292.66
2023-08-31,Tienda E,Juguetes,69,490.48
2023-09-30,Tienda A,Electrónica,62,301.48
2023-09-30,Tienda A,Ropa,76,332.77
2023-09-30,Tienda A,Alimentos,71,94.54
2023-09-30,Tienda A,Juguetes,72,469.77
2023-09-30,Tienda B,Electrónica,68,34.67
2023-09-30,Tienda B,Ropa,52,234.39
2023-09-30,Tienda B,Alimentos,63,133.9
2023-09-30,Tienda B,Juguetes,72,413.54
2023-09-30,Tienda C,Electrónica,79,181.9
2023-09-30,Tienda C,Ropa,67,170.81
2023-09-30,Tienda C,Alimentos,62,238.68
2023-09-30,Tienda C,Juguetes,69,118.41
2023-09-30,Tienda D,Electrónica,67,413.58
2023-09-30,Tienda D,Ropa,67,158.61
2023-09-30,Tienda D,Alimentos,86,467.54
2023-09-30,Tienda D,Juguetes,75,26.0
2023-09-30,Tienda E,Electrónica,69,89.0
2023-09-30,Tienda E,Ropa,71,43.54
2023-09-30,Tienda E,Alimentos,68,310.27
2023-09-30,Tienda E,Juguetes,87,47.63
2023-10-31,Tienda A,Electrónica,80,207.57
2023-10-31,Tienda A,Ropa,94,309.8
2023-10-31,Tienda A,Alimentos,81,61.88
2023-10-31,Tienda A,Juguetes,80,341.15
2023-10-31,Tienda B,Electrónica,88,203.68
2023-10-31,Tienda B,Ropa,74,415.38
2023-10-31,Tienda B,Alimentos,61,92.42
2023-10-31,Tienda B,Juguetes,96,123.38
2023-10-31,Tienda C,Electrónica,84,479.48
2023-10-31,Tienda C,Ropa,76,467.81
2023-10-31,Tienda C,Alimentos,99,318.61
2023-10-31,Tienda C,Juguetes,81,270.33
2023-10-31,Tienda D,Electrónica,89,368.43
2023-10-31,Tienda D,Ropa,94,418.14
2023-10-31,Tienda D,Alimentos,85,221.34
2023-10-31,Tienda D,Juguetes,81,133.07
2023-10-31,Tienda E,Electrónica,95,261.91
2023-10-31,Tienda E,Ropa,79,169.35
2023-10-31,Tienda E,Alimentos,60,13.13
2023-10-31,Tienda E,Juguetes,81,179.44
2023-11-30,Tienda A,Electrónica,89,473.91
2023-11-30,Tienda A,Ropa,81,140.3
2023-11-30,Tienda A,Alimentos,87,347.14
2023-11-30,Tienda A,Juguetes,74,119.11
2023-11-30,Tienda B,Electrónica,79,214.42
2023-11-30,Tienda B,Ropa,73,214.89
2023-11-30,Tienda B,Alimentos,69,59.12
2023-11-30,Tienda B,Juguetes,87,124.57
2023-11-30,Tienda C,Electrónica,76,463.97
2023-11-30,Tienda C,Ropa,82,29.3
2023-11-30,Tienda C,Alimentos,86,24.04
2023-11-30,Tienda C,Juguetes,86,395.81
2023-11-30,Tienda D,Electrónica,79,298.29
2023-11-30,Tienda D,Ropa,81,276.66
2023-11-30,Tienda D,Alimentos,78,143.03
2023-11-30,Tienda D,Juguetes,98,279.44
2023-11-30,Tienda E,Electrónica,63,417.86
2023-11-30,Tienda E,Ropa,93,120.78
2023-11-30,Tienda E,Alimentos,70,175.35
2023-11-30,Tienda E,Juguetes,96,113.45
2023-12-31,Tienda A,Electrónica,91,251.34
2023-12-31,Tienda A,Ropa,82,203.34
2023-12-31,Tienda A,Alimentos,85,290.28
2023-12-31,Tienda A,Juguetes,93,85.41
2023-12-31,Tienda B,Electrónica,73,186.93
2023-12-31,Tienda B,Ropa,81,37.77
2023-12-31,Tienda B,Alimentos,89,324.34
2023-12-31,Tienda B,Juguetes,77,448.89
2023-12-31,Tienda C,Electrónica,78,211.54
2023-12-31,Tienda C,Ropa,77,414.77
2023-12-31,Tienda C,Alimentos,89,204.53
2023-12-31,Tienda C,Juguetes,73,186.63
2023-12-31,Tienda D,Electrónica,89,49.8
2023-12-31,Tienda D,Ropa,93,293.13
2023-12-31,Tienda D,Alimentos,96,239.16
2023-12-31,Tienda D,Juguetes,87,219.47
2023-12-31,Tienda E,Electrónica,79,426.78
2023-12-31,Tienda E,Ropa,89,282.53
2023-12-31,Tienda E,Alimentos,92,411.01
2023-12-31,Tienda E,Juguetes,75,133.98
